name;catnum;partno;ean;description;price;vat;sellingFrom;sellingTo;stockQuantity;show1;show2;availability;parameters
"22"" Sencor SLE 22F46DM4 HELLO KITTY";9177759;SLE 22F46DM4;8845781245930;"<p><strong>Sencor SLE 22F46DM4 Hello Kitty je televizor LED pro ty, kteø&iacute; hledaj&iacute; pro sv&eacute; dìti nìco, co maj&iacute; r&aacute;di a co by je potì&scaron;ilo . Televizor s motivy popul&aacute;rn&iacute; Hello Kity a proveden&iacute;m v rùov&eacute; barvì va&scaron;e d&iacute;tko urèitì zaujme!</strong></p>

<p><img alt="""" src=""https://interlink-static0.tsbohemia.cz/22-sencor-sle-22f46dm4-hello-kitty_ien157376.jpg"" style=""height:300px; width:300px"" /></p>

<ul>
	<li>&Uacute;hlopø&iacute;èka 55 cm (21,5&quot;)</li>
	<li>LED podsv&iacute;cen&iacute; displeje</li>
	<li>Integrovan&yacute; DVD/DivX pøehr&aacute;vaè</li>
	<li>Nahr&aacute;v&aacute;n&iacute; na USB disk (form&aacute;t TS) / pøehr&aacute;v&aacute;n&iacute; z USB disku (PVR)</li>
	<li>Timeshift (èasov&yacute; posun)</li>
	<li>rozli&scaron;en&iacute; displeje 1920x1080 bodù</li>
	<li>Vestavìn&yacute; HD DVB-T/C MPEG4 tuner</li>
	<li>USB port (pøehr&aacute;v&aacute;n&iacute; z extern&iacute;ho disku)</li>
</ul>

<p><em>Podporovan&eacute; form&aacute;ty: DivX, XviD, MP3,WMA, JPEG </em></p>

<p>Kontrast 1000:1 Jas 250 cd/m2 Rychlost odezvy 5 ms Progressive Scan PAL, SECAM BG/DK/A2/NICAM, AV vstup i NTSC 4,43 &Scaron;irok&yacute; pozorovac&iacute; &uacute;hel 170&deg;/160&deg; Elektronick&yacute; programov&yacute; prùvodce (EPG) Teletext V&iacute;cejazyèn&eacute; menu Obvody pro zlep&scaron;en&iacute; obrazu (DNR) Digit&aacute;ln&iacute; høebenov&yacute; filtr (DCF 3D) AVL ZOOM Ekvaliz&eacute;r Hodiny Èasovaè vypnut&iacute; Dìtsk&aacute; pojistka Jednoduch&yacute; hotelov&yacute; m&oacute;d. Sencor SLE 22F46DM4 Hello Kitty je televizor LED pro ty, kteø&iacute; hledaj&iacute; pro sv&eacute; dìti nìco, co maj&iacute; r&aacute;di a co by je potì&scaron;ilo . Televizor s motivy popul&aacute;rn&iacute; Hello Kity a proveden&iacute;m v rùov&eacute; barvì va&scaron;e d&iacute;tko urèitì zaujme! LED televize Sencor SLE 22F46DM4 HELLO KITTY LED Full HD televizor &Uacute;hlopø&iacute;èka 55 cm (21,5&quot;) LED podsv&iacute;cen&iacute; displeje Integrovan&yacute; DVD/DivX pøehr&aacute;vaè Nahr&aacute;v&aacute;n&iacute; na USB disk (form&aacute;t TS) / pøehr&aacute;v&aacute;n&iacute; z USB disku (PVR) Timeshift (èasov&yacute; posun) na pøipojen&yacute; USB disk Full HD rozli&scaron;en&iacute; displeje 1920x1080 bodù Vestavìn&yacute; HD DVB-T/C MPEG4 tuner USB port (pøehr&aacute;v&aacute;n&iacute; z extern&iacute;ho disku) Podporovan&eacute; form&aacute;ty: DivX, XviD, MP3,WMA, JPEG Kontrast 1000:1 Jas 250 cd/m2 Rychlost odezvy 5 ms Progressive Scan PAL, SECAM BG/DK/A2/NICAM, AV vstup i NTSC 4,43 &Scaron;irok&yacute; pozorovac&iacute; &uacute;hel 170&deg;/160&deg; Elektronick&yacute; programov&yacute; prùvodce (EPG) Teletext V&iacute;cejazyèn&eacute; menu Obvody pro zlep&scaron;en&iacute; obrazu (DNR) Digit&aacute;ln&iacute; høebenov&yacute; filtr (DCF 3D) AVL ZOOM Ekvaliz&eacute;r Hodiny Èasovaè vypnut&iacute; Dìtsk&aacute; pojistka Jednoduch&yacute; hotelov&yacute; m&oacute;d</p>

<p>&nbsp;</p>
";2891.7;high;16.1.2000;;30;true;false;in-stock;"Úhlopøíèka=22“;Technologie=LED"
"32"" Philips 32PFL4308";9176508;32PFL4308H;8845781245929;"<p><img alt="""" src=""http://img.talkandroid.com/uploads/2014/03/phillips_logo.jpg"" style=""height:150px; width:400px"" /></p>

<h1><span style=""color:#0000CD"">Televize PHILIPS 32PFL4308 3D LED TV 4300 series&nbsp;</span></h1>

<ul>
	<li>32&quot;(81 cm)</li>
	<li>Full HD</li>
	<li>200PMR</li>
	<li>DVB-T/C&nbsp;</li>
	<li>HDMI</li>
	<li>USB</li>
	<li>Full HD LED TV</li>
</ul>

<h2>Na kvalitì obrazu z&aacute;le&iacute;.&nbsp;</h2>

<p>Obyèejn&eacute; televizory HDTV pøin&aacute;&scaron;ej&iacute; kvalitu,ale vy oèek&aacute;v&aacute;te to nejlep&scaron;&iacute;. Pøedstavte si &uacute;chvatnì ostr&eacute; detaily ve spojen&iacute; s vysok&yacute;m jasem,neuvìøiteln&yacute;m kontrastem,ostr&yacute;m vykreslen&iacute;m pohybu,realistick&yacute;mi barvami a vìrn&yacute;m obrazem - a tak&eacute; se sn&iacute;enou spotøebou energie. Tak u nemus&iacute;te d&aacute;le hledat. Televizor Full HD LED v&aacute;m poskytne v&iacute;ce detailù ne standardn&iacute; televizory HDTV. A v&iacute;ce detailù obrazu pro v&aacute;s znamen&aacute; intenzivnìj&scaron;&iacute; z&aacute;itek ze sledov&aacute;n&iacute;. 200 Hz PMR Spoleènost Philips vytvoøila technologii PMR pro zobrazen&iacute; pohybu,kter&eacute; je pøesn&eacute;,plynul&eacute; a pøirozen&eacute;. PMR je standard pro mìøen&iacute; ostrosti pohybliv&eacute;ho obrazu. Technologie Perfect Motion Rate je v&yacute;sledkem spojen&iacute; jedineèn&eacute;ho zpracov&aacute;n&iacute; obrazu,poètu sn&iacute;mkù za sekundu a obnovovac&iacute; frekvence jednotliv&yacute;ch sn&iacute;mkù,dokonal&yacute;ch funkc&iacute; stm&iacute;v&aacute;n&iacute; a technologie podsv&iacute;cen&iacute;. Vy&scaron;&scaron;&iacute; è&iacute;slo PMR pøisp&iacute;v&aacute; k vìt&scaron;&iacute;mu kontrastu a zøetelnìj&scaron;&iacute;mu obrazu - co pro v&aacute;s znamen&aacute; obraz vynikaj&iacute;c&iacute; kvality.</p>

<h2>Pixel Plus HD</h2>

<p>Pokroèil&aacute; technologie pro zpracov&aacute;n&iacute; digit&aacute;ln&iacute;ho obrazu zvy&scaron;uje poèet ø&aacute;dkù a pixelù. V&yacute;sledek znamen&aacute; vdy obraz ostr&yacute; jako bøitva s neuvìøiteln&yacute;mi detaily a hloubkou z jak&eacute;hokoli zdroje. Sluba Pause TV a nahr&aacute;v&aacute;n&iacute; na zaø&iacute;zen&iacute; USB Potøebujete si udìlat pøest&aacute;vku a pokraèovat ve sledov&aacute;n&iacute; televize pozdìji? Funkce pozastaven&iacute; znamen&aacute;,e u nikdy nebudete muset èekat na reklamu - nebo ji sledovat! Chcete si nahr&aacute;t iv&eacute; digit&aacute;ln&iacute; televizn&iacute; vys&iacute;l&aacute;n&iacute; a sledovat je,a se v&aacute;m to bude hodit? Najdìte sv&eacute; obl&iacute;ben&eacute; programy pomoc&iacute; Elektronick&eacute;ho programov&eacute;ho prùvodce (EPG) a mùete snadno napl&aacute;novat nahr&aacute;v&aacute;n&iacute;. Jednoduch&yacute;m pøipojen&iacute;m pevn&eacute;ho disku USB k televizoru se vys&iacute;l&aacute;n&iacute; pohodlnì ulo&iacute;,abyste je mohli shl&eacute;dnout pozdìji. Televize PHILIPS 32PFL4308 3D LED TV 4300 series, 32&quot;(81 cm), Full HD, 200PMR, DVB-T/C, HDMI,USB Full HD LED TV Na kvalitì obrazu z&aacute;le&iacute;. Obyèejn&eacute; televizory HDTV pøin&aacute;&scaron;ej&iacute; kvalitu,ale vy oèek&aacute;v&aacute;te to nejlep&scaron;&iacute;. Pøedstavte si &uacute;chvatnì ostr&eacute; detaily ve spojen&iacute; s vysok&yacute;m jasem,neuvìøiteln&yacute;m kontrastem,ostr&yacute;m vykreslen&iacute;m pohybu,realistick&yacute;mi barvami a vìrn&yacute;m obrazem - a tak&eacute; se sn&iacute;enou spotøebou energie. Tak u nemus&iacute;te d&aacute;le hledat. Televizor Full HD LED v&aacute;m poskytne v&iacute;ce detailù ne standardn&iacute; televizory HDTV. A v&iacute;ce detailù obrazu pro v&aacute;s znamen&aacute; intenzivnìj&scaron;&iacute; z&aacute;itek ze sledov&aacute;n&iacute;. 200 Hz PMR Spoleènost Philips vytvoøila technologii PMR pro zobrazen&iacute; pohybu,kter&eacute; je pøesn&eacute;,plynul&eacute; a pøirozen&eacute;. PMR je standard pro mìøen&iacute; ostrosti pohybliv&eacute;ho obrazu. Technologie Perfect Motion Rate je v&yacute;sledkem spojen&iacute; jedineèn&eacute;ho zpracov&aacute;n&iacute; obrazu,poètu sn&iacute;mkù za sekundu a obnovovac&iacute; frekvence jednotliv&yacute;ch sn&iacute;mkù,dokonal&yacute;ch funkc&iacute; stm&iacute;v&aacute;n&iacute; a technologie podsv&iacute;cen&iacute;. Vy&scaron;&scaron;&iacute; è&iacute;slo PMR pøisp&iacute;v&aacute; k vìt&scaron;&iacute;mu kontrastu a zøetelnìj&scaron;&iacute;mu obrazu - co pro v&aacute;s znamen&aacute; obraz vynikaj&iacute;c&iacute; kvality. Pixel Plus HD Pokroèil&aacute; technologie pro zpracov&aacute;n&iacute; digit&aacute;ln&iacute;ho obrazu zvy&scaron;uje poèet ø&aacute;dkù a pixelù. V&yacute;sledek znamen&aacute; vdy obraz ostr&yacute; jako bøitva s neuvìøiteln&yacute;mi detaily a hloubkou z jak&eacute;hokoli zdroje.</p>

<h2>Sluba Pause TV a nahr&aacute;v&aacute;n&iacute; na zaø&iacute;zen&iacute; USB</h2>

<p>Potøebujete si udìlat pøest&aacute;vku a pokraèovat ve sledov&aacute;n&iacute; televize pozdìji? Funkce pozastaven&iacute; znamen&aacute;,e u nikdy nebudete muset èekat na reklamu - nebo ji sledovat! Chcete si nahr&aacute;t iv&eacute; digit&aacute;ln&iacute; televizn&iacute; vys&iacute;l&aacute;n&iacute; a sledovat je,a se v&aacute;m to bude hodit? Najdìte sv&eacute; obl&iacute;ben&eacute; programy pomoc&iacute; Elektronick&eacute;ho programov&eacute;ho prùvodce (EPG) a mùete snadno napl&aacute;novat nahr&aacute;v&aacute;n&iacute;. Jednoduch&yacute;m pøipojen&iacute;m pevn&eacute;ho disku USB k televizoru se vys&iacute;l&aacute;n&iacute; pohodlnì ulo&iacute;,abyste je mohli shl&eacute;dnout pozdìji.</p>
";8173.5;high;15.1.2000;;20;false;false;in-stock;"Úhlopøíèka=32"";Technologie=LED;Rozlišení=Full HD;USB=Ano;HDMI=Ano"
"47"" LG 47LA790V (FHD)";5965879P;47LA790V;8845781245928;"<p>Cinema 3D Smart TV LG 47LA790V se Cinema 3D Screen Designem je 3D televizor s technologi&iacute; LG Cinema 3D a &uacute;hlopø&iacute;èkou 47&quot;, kter&yacute; urèitì spln&iacute; va&scaron;e oèek&aacute;v&aacute;n&iacute;. Opl&yacute;v&aacute; ve&scaron;kerou modern&iacute; obrazovou technologi&iacute; LG, kter&aacute; je z&aacute;rukou v&yacute;jimeèn&eacute; kvality obrazu s vysokou vìrnost&iacute; barev a hlub&scaron;&iacute;m kontrastem vèetnì <span style=""color:#FF0000""><strong>konverze z 2D na 3D</strong></span>, kter&aacute; v&aacute;m umon&iacute; sledovat bìn&eacute; televizn&iacute; vys&iacute;l&aacute;n&iacute; ve 3D prostorov&eacute;m obrazu.</p>

<p><img alt="""" src=""http://en.icône.com/images/icones/1/4/video-television-2.png"" style=""height:256px; width:256px"" /></p>

<p>Pø&iacute;jemn&yacute;m pøekvapen&iacute;m pro va&scaron;e dìti bude tak&eacute; funkce Dual Play umoòuj&iacute;c&iacute; <strong><span style=""color:#FF0000"">hran&iacute; her ve dvou lidech bez rozdìlen&iacute; obrazovky televize</span></strong>. Tento model Cinema 3D LED TV poskytuje kromì sn&iacute;en&iacute; spotøeby energie tak&eacute; rùzn&eacute; monost&iacute; konektivity, disponuje integrovan&yacute;mi DVB-T/C/S2 tunery a technologi&iacute; Smart Energy Saving. Oproti ni&scaron;&iacute;m øad&aacute;m je vybaven lep&scaron;&iacute;m dvouj&aacute;drov&yacute;m procesorem a Magick&yacute;m stojanem a lze k nìmu dokoupit TV kameru AN-VC500. Poznejte bohat&yacute; a st&aacute;le se roz&scaron;iøuj&iacute;c&iacute; svìt 3D z&aacute;bavy, kter&yacute; m&aacute;te na dosah ruky - staè&iacute; jen pou&iacute;t Magick&yacute; d&aacute;lkov&yacute; ovladaè Karta Svìt 3D v menu LG TV nab&iacute;z&iacute; nekoneèn&eacute; mnostv&iacute; 3D obsahu, kter&yacute; zahrnuje filmy, sport, hudbu, videa, vzdìl&aacute;vac&iacute; poøady a mnoho dal&scaron;&iacute;ho!</p>

<h2>FLICKER FREE - 3D OBRAZ BEZ BLIK&Aacute;N&Iacute;</h2>

<p>U&iacute;vejte si 3D TV, jej&iacute; sledov&aacute;n&iacute; je mnohem pø&iacute;jemnìj&scaron;&iacute; pro Va&scaron;e oèi, protoe obraz vùbec neblik&aacute;. Na rozd&iacute;l od bìn&yacute;ch 3D TV, LG CINEMA 3D Smart TV vùbec neblik&aacute; a 3D obraz je mnohem jasnìj&scaron;&iacute;. To je mnohem pø&iacute;jemnìj&scaron;&iacute; pro Va&scaron;e oèi a obraz je èist&scaron;&iacute; a ostøej&scaron;&iacute;, take V&aacute;m pøijde, jako by vystupoval &uacute;plnì z obrazovky. Cinema 3D Smart TV LG 47LA790V se Cinema 3D Screen Designem je 3D televizor s technologi&iacute; LG Cinema 3D a &uacute;hlopø&iacute;èkou 47&quot;, kter&yacute; urèitì spln&iacute; va&scaron;e oèek&aacute;v&aacute;n&iacute;. Opl&yacute;v&aacute; ve&scaron;kerou modern&iacute; obrazovou technologi&iacute; LG, kter&aacute; je z&aacute;rukou v&yacute;jimeèn&eacute; kvality obrazu s vysokou vìrnost&iacute; barev a hlub&scaron;&iacute;m kontrastem vèetnì konverze z 2D na 3D, kter&aacute; v&aacute;m umon&iacute; sledovat bìn&eacute; televizn&iacute; vys&iacute;l&aacute;n&iacute; ve 3D prostorov&eacute;m obrazu. Pø&iacute;jemn&yacute;m pøekvapen&iacute;m pro va&scaron;e dìti bude tak&eacute; funkce Dual Play umoòuj&iacute;c&iacute; hran&iacute; her ve dvou lidech bez rozdìlen&iacute; obrazovky televize. Tento model Cinema 3D LED TV poskytuje kromì sn&iacute;en&iacute; spotøeby energie tak&eacute; rùzn&eacute; monost&iacute; konektivity, disponuje integrovan&yacute;mi DVB-T/C/S2 tunery a technologi&iacute; Smart Energy Saving. Oproti ni&scaron;&iacute;m øad&aacute;m je vybaven lep&scaron;&iacute;m dvouj&aacute;drov&yacute;m procesorem a Magick&yacute;m stojanem a lze k nìmu dokoupit TV kameru AN-VC500. Poznejte bohat&yacute; a st&aacute;le se roz&scaron;iøuj&iacute;c&iacute; svìt 3D z&aacute;bavy, kter&yacute; m&aacute;te na dosah ruky - staè&iacute; jen pou&iacute;t Magick&yacute; d&aacute;lkov&yacute; ovladaè Karta Svìt 3D v menu LG TV nab&iacute;z&iacute; nekoneèn&eacute; mnostv&iacute; 3D obsahu, kter&yacute; zahrnuje filmy, sport, hudbu, videa, vzdìl&aacute;vac&iacute; poøady a mnoho dal&scaron;&iacute;ho!&nbsp;</p>

<p><iframe align=""middle"" frameborder=""1"" height=""400"" longdesc=""adresa sídla fírmy netdevelo"" name=""netdevelo"" scrolling=""yes"" src=""http://www.mapy.cz/s/cQc0"" title=""Kde nás najdete"" width=""600""></iframe></p>
";17843;high;14.1.2000;;8;true;true;in-stock;"Úhlopøíèka=47"";Technologie=LED;Rozlišení=Full HD;USB=Ano;HDMI=Ano"
A4tech myš X-710BK, OSCAR Game, 2000DPI, èerná,;5960453;X-710BK;8845781245923;"<h2>Hern&iacute; poè&iacute;taèov&aacute; my&scaron; A4Tech X-710BK s pìti tlaè&iacute;tky a scrolovac&iacute;m koleèkem pro snadnìj&scaron;&iacute; ovl&aacute;d&aacute;n&iacute; dokumentù, èi prohl&iacute;en&iacute; internetov&yacute;ch str&aacute;nek.</h2>

<p>Novinkou u t&eacute;to s&eacute;rie je 3XFire tlaè&iacute;tko, kter&eacute; pøi jednom zm&aacute;èknut&iacute; reaguje jako troj-klik. Dal&scaron;&iacute; inovac&iacute; je 5 DPI zmìna citlivosti sn&iacute;m&aacute;èe a to v kroc&iacute;ch 400/600/1200/1600/2000 DPI. My&scaron; je pohodlnì tvarovan&aacute; a pøipojuje se pomoc&iacute; USB rozhran&iacute;. Novinkou je 16KB intern&iacute; pamì do kter&eacute; je mon&eacute; pomoc&iacute; programu Oskar Mouse Editor nahr&aacute;vat scripty na Va&scaron;e obl&iacute;ben&eacute; hry. A4tech X710BK Hern&iacute; poè&iacute;taèov&aacute; my&scaron; vybaven&aacute; pìti tlaè&iacute;tky a scrolovac&iacute;m tlaè&iacute;tkem pro snadnìj&scaron;&iacute; ovl&aacute;d&aacute;n&iacute; dokumentù nebo prohl&iacute;en&iacute; internetov&yacute;ch str&aacute;nek. Novinkou je pak tlaè&iacute;tko 3XFire, kter&eacute; pøi jednom zm&aacute;èknut&iacute; reguje jako trojit&eacute; kliknut&iacute;. My&scaron; disponuje monost&iacute; nastavit a pìt citlivost&iacute; sn&iacute;maèe a to v kroc&iacute;ch 400, 600, 1200, 1600 a 2000 DPI. My&scaron; m&aacute; ergonomick&yacute; design, pøipojuje se pøes vysokorychlostn&iacute; USB rozhran&iacute; a je vybavena 16 Kb intern&iacute; pamìti, do kter&eacute; je mon&eacute; pomoc&iacute; programu Oscar Mouse Editor nahr&aacute;vat scripty pro ovl&aacute;d&aacute;n&iacute; va&scaron;ich obl&iacute;ben&yacute;ch her.</p>

<p><strong>Je plnì kompatibiln&iacute; se v&scaron;emi modern&iacute;mi operaèn&iacute;mi syst&eacute;my vèetnì Windows Vista. </strong></p>

<h3>Parametry a specifikace:</h3>

<ol>
	<li>Rozhran&iacute;: USB 2.0</li>
	<li>Redukce do PS/2</li>
	<li>Kompatibilita OS: Microsoft Windows 2000/XP/2003/Vista.</li>
</ol>

<p><img alt="""" src=""http://img3.wikia.nocookie.net/__cb20120522000532/animalcrossing/images/b/b7/Mouse.jpg"" style=""height:380px; width:380px"" /></p>

<p>&nbsp;</p>
";263.6;high;9.1.2000;;;true;true;in-stock;"Herní myš=Ano;Ergonomie=Pravoruká;Podporovanı OS=Windows 2000/XP/Vista/7;Poèet tlaèítek=5"
Apple iPhone 5S 64GB, zlatı;9510261;ME440CS;8845781245956;"<p style=""text-align: center;""><span style=""color:#0000CD""><span style=""font-size:18px""><strong>Apple iPhone 5S je smysluplnì vymy&scaron;len&yacute;. Peèlivì zv&aacute;en&yacute;. Preciznì zpracovan&yacute;. Nen&iacute; jen t&iacute;m, co je technologicky mon&eacute;. Ale t&iacute;m, co je technologicky uiteèn&eacute;. Nen&iacute; t&iacute;m, co pøijde. Ale t&iacute;m, co by mìlo pøij&iacute;t. Inovovan&yacute; a opìt o hodnì vylep&scaron;en&yacute; smartphone od spoleènosti Apple, to je iPhone 5S.</strong></span> </span></p>

<p style=""margin-left: 40px;"">V&yacute;konnìj&scaron;&iacute; procesor, v&yacute;konnìj&scaron;&iacute; grafick&eacute; j&aacute;dro, vìt&scaron;&iacute; sn&iacute;mac&iacute; èip fotoapar&aacute;tu, video se sekvenc&iacute; 120fps, to jsou jen ve zkratce hlavn&iacute; vylep&scaron;en&iacute; oproti modelu iPhone 5. Hlavn&iacute;mi vylep&scaron;en&iacute;mi je nov&yacute; operaèn&iacute; syst&eacute;m iOS 7, procesor A7 s 64bitovou technologi&iacute; a pomocn&yacute;m procesorem M7 pro v&yacute;poèty na pozad&iacute; (akcelerometr, kompas, gyroskop apod), pro vìt&scaron;&iacute; bezpeènost integrovan&yacute; sn&iacute;maè otiskù prstù v odemykac&iacute;m tlaè&iacute;tku, o 15% vìt&scaron;&iacute; sn&iacute;maè fotoapar&aacute;tu, dvojit&aacute; LED dioda pro re&aacute;lnìj&scaron;&iacute; barvy pøi pouit&iacute; blesku. Procesor A7 je prvn&iacute; mobiln&iacute; procesor s 64bitovou technologi&iacute;, D&iacute;ky tomu dok&aacute;e zpracovat v&iacute;ce procesù najednou vyu&iacute;t tak plnohodnotnì nov&yacute; iOS 7. Nav&iacute;c se u iPhonu 5S objevuje pomocn&yacute; procesor M7, kter&yacute; obstar&aacute;v&aacute; v&yacute;poèty na pozad&iacute; a nech&aacute;v&aacute; tak hlavn&iacute; procesor fungovat pro dùleit&eacute; procesy a v&yacute;poèty. Optika fotoapar&aacute;tu je sloena z osmi èoèek a m&aacute; svìtelnost f2,2, sn&iacute;maè je o 15% vìt&scaron;&iacute; oproti iPhonu 5 ale zachoval si rozli&scaron;en&iacute; 8Mpx a m&aacute; tedy fyzicky vìt&scaron;&iacute; pixely co zaji&scaron;uje lep&scaron;&iacute; dopad svìtla a tedy i kvalitnìj&scaron;&iacute; fotografie. Ve spojen&iacute; s nov&yacute;m dvojit&yacute;m LED diodov&yacute;m bleskem, kter&yacute; pomoc&iacute; 1000 odst&iacute;nù, dok&aacute;e fotografii focenou s bleskem doladit do re&aacute;ln&yacute;ch a iv&yacute;ch barev. Novinkou je tak&eacute; z&aacute;znam v takzvan&eacute;m burst m&oacute;du, d&iacute;ky kter&eacute;mu lze bìhem 2 sekund zaznamenat 20 sn&iacute;mkù.</p>

<p style=""margin-left: 40px;"">Apple iPhone 5S nat&aacute;è&iacute; video ve Full HD rozli&scaron;en&iacute; s 30 sn&iacute;mky za sekundu a novì se 120 sn&iacute;mky v rozli&scaron;en&iacute; 1280x720pix v takzvan&eacute;m SloMo m&oacute;du. Bezpeènost Va&scaron;eho iPhonu 5S je nyn&iacute; na nejvy&scaron;&scaron;&iacute; &uacute;rovni d&iacute;ky nov&eacute;mu rozpozn&aacute;n&iacute; otisku prstu Touch ID. Sn&iacute;maè se skr&yacute;v&aacute; v &quot;HomeButton&quot; tlaè&iacute;tku a d&iacute;ky senzoru s rozli&scaron;en&iacute;m 500pixelù je èten&iacute; otisku velmi pøesn&eacute;. N&aacute;vod v èesk&eacute;m jazyce naleznete zde Zaø&iacute;zen&iacute; je urèeno pro Èeskou republiku. Vztahuje se na nìj plnohodnotn&aacute; z&aacute;ruka a podpora autorizovan&eacute;ho servisu v ÈR. Apple iPhone 5S je smysluplnì vymy&scaron;len&yacute;. Peèlivì zv&aacute;en&yacute;. Preciznì zpracovan&yacute;. Nen&iacute; jen t&iacute;m, co je technologicky mon&eacute;. Ale t&iacute;m, co je technologicky uiteèn&eacute;. Nen&iacute; t&iacute;m, co pøijde. Ale t&iacute;m, co by mìlo pøij&iacute;t. Inovovan&yacute; a opìt o hodnì vylep&scaron;en&yacute; smartphone od spoleènosti Apple, to je iPhone 5S. V&yacute;konnìj&scaron;&iacute; procesor, v&yacute;konnìj&scaron;&iacute; grafick&eacute; j&aacute;dro, vìt&scaron;&iacute; sn&iacute;mac&iacute; èip fotoapar&aacute;tu, video se sekvenc&iacute; 120fps, to jsou jen ve zkratce hlavn&iacute; vylep&scaron;en&iacute; oproti modelu iPhone 5. Hlavn&iacute;mi vylep&scaron;en&iacute;mi je nov&yacute; operaèn&iacute; syst&eacute;m iOS 7, procesor A7 s 64bitovou technologi&iacute; a pomocn&yacute;m procesorem M7 pro v&yacute;poèty na pozad&iacute; (akcelerometr, kompas, gyroskop apod), pro vìt&scaron;&iacute; bezpeènost integrovan&yacute; sn&iacute;maè otiskù prstù v odemykac&iacute;m tlaè&iacute;tku, o 15% vìt&scaron;&iacute; sn&iacute;maè fotoapar&aacute;tu, dvojit&aacute; LED dioda pro re&aacute;lnìj&scaron;&iacute; barvy pøi pouit&iacute; blesku. Procesor A7 je prvn&iacute; mobiln&iacute; procesor s 64bitovou technologi&iacute;, D&iacute;ky tomu dok&aacute;e zpracovat v&iacute;ce procesù najednou vyu&iacute;t tak plnohodnotnì nov&yacute; iOS 7. Nav&iacute;c se u iPhonu 5S objevuje pomocn&yacute; procesor M7, kter&yacute; obstar&aacute;v&aacute; v&yacute;poèty na pozad&iacute; a nech&aacute;v&aacute; tak hlavn&iacute; procesor fungovat pro dùleit&eacute; procesy a v&yacute;poèty. Optika fotoapar&aacute;tu je sloena z osmi èoèek a m&aacute; svìtelnost f2,2, sn&iacute;maè je o 15% vìt&scaron;&iacute; oproti iPhonu 5 ale zachoval si rozli&scaron;en&iacute; 8Mpx a m&aacute; tedy fyzicky vìt&scaron;&iacute; pixely co zaji&scaron;uje lep&scaron;&iacute; dopad svìtla a tedy i kvalitnìj&scaron;&iacute; fotografie. Ve spojen&iacute; s nov&yacute;m dvojit&yacute;m LED diodov&yacute;m bleskem, kter&yacute; pomoc&iacute; 1000 odst&iacute;nù, dok&aacute;e fotografii focenou s bleskem doladit do re&aacute;ln&yacute;ch a iv&yacute;ch barev. Novinkou je tak&eacute; z&aacute;znam v takzvan&eacute;m burst m&oacute;du, d&iacute;ky kter&eacute;mu lze bìhem 2 sekund zaznamenat 20 sn&iacute;mkù. Apple iPhone 5S nat&aacute;è&iacute; video ve Full HD rozli&scaron;en&iacute; s 30 sn&iacute;mky za sekundu a novì se 120 sn&iacute;mky v rozli&scaron;en&iacute; 1280x720pix v takzvan&eacute;m SloMo m&oacute;du. Bezpeènost Va&scaron;eho iPhonu 5S je nyn&iacute; na nejvy&scaron;&scaron;&iacute; &uacute;rovni d&iacute;ky nov&eacute;mu rozpozn&aacute;n&iacute; otisku prstu Touch ID. Sn&iacute;maè se skr&yacute;v&aacute; v &quot;HomeButton&quot; tlaè&iacute;tku a d&iacute;ky senzoru s rozli&scaron;en&iacute;m 500pixelù je èten&iacute; otisku velmi pøesn&eacute;. N&aacute;vod v èesk&eacute;m jazyce naleznete zde Zaø&iacute;zen&iacute; je urèeno pro Èeskou republiku. Vztahuje se na nìj plnohodnotn&aacute; z&aacute;ruka a podpora autorizovan&eacute;ho servisu v ÈR. Apple iPhone 5S je smysluplnì vymy&scaron;len&yacute;. Peèlivì zv&aacute;en&yacute;. Preciznì zpracovan&yacute;. Nen&iacute; jen t&iacute;m, co je technologicky mon&eacute;. Ale t&iacute;m, co je technologicky uiteèn&eacute;. Nen&iacute; t&iacute;m, co pøijde. Ale t&iacute;m, co by mìlo pøij&iacute;t. Inovovan&yacute; a opìt o hodnì vylep&scaron;en&yacute; smartphone od spoleènosti Apple, to je iPhone 5S. V&yacute;konnìj&scaron;&iacute; procesor, v&yacute;konnìj&scaron;&iacute; grafick&eacute; j&aacute;dro, vìt&scaron;&iacute; sn&iacute;mac&iacute; èip fotoapar&aacute;tu, video se sekvenc&iacute; 120fps, to jsou jen ve zkratce hlavn&iacute; vylep&scaron;en&iacute; oproti modelu iPhone 5. Hlavn&iacute;mi vylep&scaron;en&iacute;mi je nov&yacute; operaèn&iacute; syst&eacute;m iOS 7, procesor A7 s 64bitovou technologi&iacute; a pomocn&yacute;m procesorem M7 pro v&yacute;poèty na pozad&iacute; (akcelerometr, kompas, gyroskop apod), pro vìt&scaron;&iacute; bezpeènost integrovan&yacute; sn&iacute;maè otiskù prstù v odemykac&iacute;m tlaè&iacute;tku, o 15% vìt&scaron;&iacute; sn&iacute;maè fotoapar&aacute;tu, dvojit&aacute; LED dioda pro re&aacute;lnìj&scaron;&iacute; barvy pøi pouit&iacute; blesku. Procesor A7 je prvn&iacute; mobiln&iacute; procesor s 64bitovou technologi&iacute;, D&iacute;ky tomu dok&aacute;e zpracovat v&iacute;ce procesù najednou vyu&iacute;t tak plnohodnotnì nov&yacute; iOS 7. Nav&iacute;c se u iPhonu 5S objevuje pomocn&yacute; procesor M7, kter&yacute; obstar&aacute;v&aacute; v&yacute;poèty na pozad&iacute; a nech&aacute;v&aacute; tak hlavn&iacute; procesor fungovat pro dùleit&eacute; procesy a v&yacute;poèty. Optika fotoapar&aacute;tu je sloena z osmi èoèek a m&aacute; svìtelnost f2,2, sn&iacute;maè je o 15% vìt&scaron;&iacute; oproti iPhonu 5 ale zachoval si rozli&scaron;en&iacute; 8Mpx a m&aacute; tedy fyzicky vìt&scaron;&iacute; pixely co zaji&scaron;uje lep&scaron;&iacute; dopad svìtla a tedy i kvalitnìj&scaron;&iacute; fotografie. Ve spojen&iacute; s nov&yacute;m dvojit&yacute;m LED diodov&yacute;m bleskem, kter&yacute; pomoc&iacute; 1000 odst&iacute;nù, dok&aacute;e fotografii focenou s bleskem doladit do re&aacute;ln&yacute;ch a iv&yacute;ch barev. Novinkou je tak&eacute; z&aacute;znam v takzvan&eacute;m burst m&oacute;du, d&iacute;ky kter&eacute;mu lze bìhem 2 sekund zaznamenat 20 sn&iacute;mkù. Apple iPhone 5S nat&aacute;è&iacute; video ve Full HD rozli&scaron;en&iacute; s 30 sn&iacute;mky za sekundu a novì se 120 sn&iacute;mky v rozli&scaron;en&iacute; 1280x720pix v takzvan&eacute;m SloMo m&oacute;du. Bezpeènost Va&scaron;eho iPhonu 5S je nyn&iacute; na nejvy&scaron;&scaron;&iacute; &uacute;rovni d&iacute;ky nov&eacute;mu rozpozn&aacute;n&iacute; otisku prstu Touch ID. Sn&iacute;maè se skr&yacute;v&aacute; v &quot;HomeButton&quot; tlaè&iacute;tku a d&iacute;ky senzoru s rozli&scaron;en&iacute;m 500pixelù je èten&iacute; otisku velmi pøesn&eacute;. N&aacute;vod v èesk&eacute;m jazyce naleznete zde Zaø&iacute;zen&iacute; je urèeno pro Èeskou republiku. Vztahuje se na nìj plnohodnotn&aacute; z&aacute;ruka a podpora autorizovan&eacute;ho servisu v ÈR.</p>

<h2>Recenze uivatelù</h2>

<blockquote>
<p>Pokud hodnot&iacute;m tento mobil z pohledu inovovan&yacute;ch funkc&iacute; a revoluèn&iacute;ch novinek, jsem zcela spokojen&yacute;. Touch ID, iOS 7 a 64 bitov&yacute; procesor jsou super novinky. Pokud ale beru v potaz tøeba design, ten je u podle mne celkem okoukan&yacute; - st&aacute;le ale kr&aacute;sn&yacute;. Ot&aacute;zkou zùst&aacute;v&aacute;, jestli opravdu nen&iacute; lep&scaron;&iacute; zachov&aacute;vat star&yacute; funkèn&iacute; design, kter&yacute; prostì funguje. Podle m&eacute;ho ano.&nbsp;</p>
</blockquote>

<p>&nbsp;</p>

<blockquote>
<p>Nejsem zast&aacute;nce Applu, ale iPhone je zkr&aacute;tka iPhone. Je to mùj prvn&iacute; telefon od Applu, dø&iacute;ve jsem mìla telefon od Samsungu a od HTC, ale iPhonu se zkr&aacute;tka nic nemùe rovnat. Ot&aacute;zkou je, zda jste ochotni investovat do telefonu tolik penìz - cena je toti samozøejmì pøemr&scaron;tìn&aacute;, za mì osobnì mi to ale st&aacute;lo za to. Telefon je kr&aacute;sn&yacute;, rychl&yacute;, za 3 mìs&iacute;ce intenzivn&iacute;ho pou&iacute;v&aacute;n&iacute; se mi ani jednou nesekl, ovl&aacute;d&aacute;n&iacute; je intuitivn&iacute; a tvùrci skuteènì mysl&iacute; na v&scaron;e - nemùu si pomoct, ale kdy to porovn&aacute;m, pøipad&aacute; mi, e Android m&aacute; v tom prostì &quot;bordel&quot;, jak v aplikac&iacute;ch, tak v ovl&aacute;d&aacute;n&iacute;. Kdy si zvyknete na iPhone, u nikdy nebudete cht&iacute;t nic jin&eacute;ho. Urèitì doporuèuji - stoj&iacute; to za to. ;)</p>

<p>&nbsp;</p>
</blockquote>

<blockquote>
<p>nev&iacute;m jak vy, ale pøipad&aacute; mi, e tento model je opìt krok pozadu oproti v&yacute;voji. Tvùrce zøejmì nepochopil, e v&scaron;echno nov&eacute; nemus&iacute; b&yacute;t vdy lep&scaron;&iacute; a tento apple je toho pln&yacute;m pø&iacute;kladem, kdo èekal, e bude tento v&yacute;robek zamìøen koneènì na praktiètìj&scaron;&iacute; pouit&iacute;, opìt musel b&yacute;t zklaman&yacute;, protoe se takøka vùbec neli&scaron;&iacute; od sv&yacute;ch pøedchùdcù a dosahuje dokonce je&scaron;tì hor&scaron;&iacute;ch v&yacute;sledkù. poø&aacute;d jsou tu chybu, se kter&yacute;mi se pot&yacute;k&aacute;me neust&aacute;le: pøi kr&aacute;jen&iacute; masa nedok&aacute;e rovnì rozø&iacute;znout v&scaron;echny pl&aacute;tky, pøi vhozen&iacute; do misky s ovocem nefunguje reim mix&eacute;r a ovoce se v&aacute;m vr&aacute;t&iacute; &quot;OHLODAN&Eacute;&quot; jen ne namixovan&eacute;. rovnì pøi p&aacute;du z letadla nevydr&iacute; a rozbije se. Tento v&yacute;robek je pro mne obrovsk&yacute;m zklam&aacute;n&iacute;m a proto ho rozhodnì nedoporuèuji&nbsp;</p>
</blockquote>
";19000;high;11.2.2014;;;true;true;out-of-stock;"Hmotnost=112g;Vıška=123.8mm;Šíøka=58.6mm;Hloubka=7.6mm;Monost pamìtové karty=Ne;Pamì RAM=1024 MB;Poèet barev=16mil.;Frekvence procesoru=1.7GHz;Poèet jader procesoru=2;Bluetooth=Ano;NFC=Ne;GPS modul=Ne"
BROTHER PT-H300;5966179;PTH300;8845781245939;tiskárna samolepících štítkù, ruèní, rychlost tisku 20 mm/s, klávesnice QWERTZ, grafickı podsvícenı displej, tisk na štítky 6, 9, 12 a 18mm, tisk èárovıch kódù, pouze TZE pásky, napájení 6x AA baterie;1295;high;25.1.2014;;3;true;true;in-stock;"Displej=LCD;Paralelní port=Ne"
Canon EH-22L;532564;6758B001;8845781245914;Canon EH-22L - pouzdro pro EOS 650D;1110.54896;high;3.8.1999;;1;true;true;out-of-stock;Barva=èerná
Canon EOS 700D;5964035;8596B047;8845781245912;;24990;zero;3.2.2013;;10;true;true;on-request;"Typ fotoaparátu=zrcadlovky;Rozlišení=18 Mpix;Napájení=akumulátor;Typ hledáèku=optickı;Citlivost (ISO)=12800;Velikost displeje=3“;Hmotnost=580 g;USB=Ano"
Canon MG3550;9184535;8331B006;8845781245938;Stylové kompaktní multifunkèní zaøízení s Wi-Fi a snadnım mobilním tiskem. Stylové kompaktní multifunkèní zaøízení s Wi-Fi pro sdílení a pouívání odkudkoli v domácnosti. Nabízí rychlı, vysoce kvalitní tisk, kopírování a skenování a podporuje sluby Google Cloud Print a Apple AirPrint. ;1314.1;high;24.1.2014;;;true;true;in-stock;"Typ zaøízení=inkoustové;Maximální formát=A4;LCD=Ano;Rozlišení tisku=4800x1200;Barevnı tisk=Ano;USB=Ano;WiFi=Ano;Šíøka=449 mm;Hloubka=304 mm;Vıška=152 mm;Hmotnost=5.4 kg"
Canon PIXMA MG2450;9184440;8328B006;8845781245936;Multifunkèní tiskárna CANON PIXMA MG2450, A4, print/scan/copy, USB, Vysoce kvalitní tisk s a 4 800 dpi a technologií kazet FINE, software pro inteligentní tisk z webù;818;high;22.1.2014;;;true;true;in-stock;"Typ zaøízení=inkoustové;Maximální formát=A4;LCD=Ano;Rozlišení tisku=4800x1200;Barevnı tisk=Ano;USB=Ano;WiFi=Ne;Šíøka=426 mm;Hloubka=306 mm;Vıška=145 mm;Hmotnost=3.5 kg"
CD-R VERBATIM 210MB;5960105;43266;8845781245920;médium 210MB, 24min., rychlost zápisu 24x, slim box;5;high;6.1.2000;;10;true;false;;
D-Link;176948;DNS-327L;8845781245918;<ul><li>Prvni</li><li>Druha</li><li>Treti</li></ul>;2891.7;high;4.1.2000;;0;true;true;on-request;
Defender 2.0 SPK-480;5990008;65480;8845781245945;reproduktory 2.0, jednopásmové, vıkon 2x2W RMS, 90Hz a 20kHz, USB napájení;98.3;high;31.1.2014;;22;true;true;in-stock;
DeLonghi ECAM 44.660 B Eletta Plus;9771339;ECAM 44.660 B;8845781245934;DeLonghi ECAM 44.660 B Luxusní plnoautomatickı kávovar Eletta Plus v èerné barvì s nerezovımi èástmi,1450 W;19743.6;high;20.1.2014;;14;true;true;in-stock;
Drák na hrnce, èernı;5962199;;8845781245958;V kuchyni se Vám urèitì ji nìkolikrát stalo, e jste si potøebovali nìkam odloit hrnec a najednou nebylo kam. Díky tomuto dráku na hrnce ve tvaru postavièky se Vám to ji nikdy nestane. Konec nemotornému odkládání hrncù na novou kuchyòskou linku nebo na prkénko urèené ke krájení zeleniny. Usnadnìte tímto dárkem partnerovi vaøení.;3;high;13.2.2014;;;true;true;out-of-stock;
Genius NetScroll 310 støíbrná;5960139;31011039100;8845781245924;myš optická, konektor USB, 1200dpi, vhodná pro notebooky;90.10;high;10.1.2000;;30;true;true;in-stock;
Genius repro SP-M120 èerná;5960550;31730946108;8845781245946;Jednopásmové stereo reproduktory SP-M120 s celkovım hudebním vıkonem 2 W, èernım lesklım povrchem a elegantním kovovım krytem. Pøední panel obsahuje 2 ovládací prvky (ovládání hlasitosti, zapnutí/vypnutí) a vıstup pro sluchátka.;164.5;high;1.2.2014;;22;true;true;;
Genius SlimStar i820;5960549;31340021118;8845781245925;klávesnice s myší, bezdrátová, ultratenká, nano pøijímaè s konektorem USB, s bezdrátovou optickou myší s turborolováním, dosah a 10m, klávesnice obsahuje èeské znaky;437.2;high;11.1.2000;;1;true;true;in-stock;
Genius SP-U150X èernozelené;8456655;31730992101;8845781245947;REPRO Genius SP-U150X èernozelené 4W 2.0;180;high;2.2.2014;;22;true;false;;
GIGABYTE KM7580 CZ;5960598;GK-KM7580;8845781245926;klávesnice s myší, multimediální, bezdrátová rádiová 2.4GHz, nano pøijímaè na USB, 15 multimediálních kláves, dosah a 5m, napájení klávesnice a myši 4x AAA, hmotnost 518 a 60 gramù, klávesnice obsahuje èeské znaky;429.8;high;12.1.2000;;8;true;true;in-stock;
HP Deskjet Ink Advantage 1515 (B2L57C);718254;B2L57C;8845781245937;S touto jednoduchou a cenovì dostupnou multifunkèní tiskárnou HP Deskjet mùete tisknout, skenovat i kopírovat. Tisknìte více za ménì penìz s levnımi inkousty. Ušetøete místo díky kompaktnímu provedení, které lze umístit kamkoli, a zaènìte pracovat bìhem pár okamikù díky rychlé a jednoduché instalaci. ;1238;high;23.1.2014;;;true;true;in-stock;
HTC Desire 816 White;9511043;99HZS017;8845781245955;Fotografùv sen. Hlavní fotoaparát s 13 megapixely a pøední fotoaparát s 5 megapixely zaruèují fotky ve vysokém rozlišení z kadé strany. Díky vestavìnım nástrojùm pro úpravu a sdílení mùete zachytit pohyblivé obrázky v HD kvalitì a kombinovat vısledky do zobrazení z více úhlù. Neuvìøitelnı design, obøí 5,5palcovı displej s HD rozlišením, dva pøední stereo reproduktory, pøizpùsobené kanály s informacemi v reálném èase a ètyøjádrovı procesor – to vše dohromady tvoøí jeden z nejvıhodnìjších smartphonù na svìtì.;8421.5;high;10.2.2014;;;true;true;out-of-stock;
JURA Impressa J9 TFT Carbon;9772572;JURA Impressa J9 TFT Carbon;8845781245933;JURA Impressa J9 TFT Carbon Automatickı kávovar/espresso,barevnı LCD;49587.5;high;19.1.2014;;111;true;true;in-stock;
Kabel HDMI A - HDMI A M/M 2m zlacene konektory High Speed HD;2565636;-0;8845781245919;Kabel HDMI A - HDMI A M/M 2m zlacene konektory High Speed HDMI kabel s Ethernetem 1.4 podpora 1080p FULL HD;98;high;5.1.2000;;15;true;true;in-stock;
Kniha 55 nejlepších programù pro vypalování CD a DVD;9890478;9788025117125;8845781245941;Existují stovky programù pro vypalování, avšak vyznat se v nich není ani pro zkušeného uivatele vùbec jednoduché. Právì proto jsme pro vás s autorem èeskıch bestsellerù pøipravili 2. aktualizované vydání této úspìšné publikace. S knihou získáte nejen prùvodce nejrùznìjším vypalováním na CD a DVD, ale všechny programy a aplikace si mùete okamitì vyzkoušet, nebo je obsahuje pøiloené DVD.;37;high;27.1.2014;;5;true;true;in-stock;
Kniha Bodovı systém a pravidla silnièního provozu;9831504;9788072267361;8845781245942;Prostudujte si nová pravidla silnièního provozu platná od 1. èervence 2006! ;37;high;28.1.2014;;78;true;true;in-stock;
Kniha Jak na poèítaè Digitální fotografie II;9890274;9788025107805;8845781245943;Máte ji za sebou první krùèky s digitálním fotoaparátem? Chcete proniknout do tajemství pìknıch snímkù? V této kníeèce se dozvíte, na co si dát pøed zmáèknutím spouštì pozor, aby vaše fotografie netrpìla typickımi chybami zaèáteèníkù, jak se fotografují rùzné typy objektù (portrét, krajina, mometky aj.) a jak snímky doladit v poèítaèi, aby vıslednı dojem byl dokonalı.;44;high;29.1.2014;;45;true;true;in-stock;
Kniha Køemílek a Vochomùrka;9197872;9788000026336;8845781245944;Prohlíejte obrázky a vyprávìjte si s dìtmi pøíbìhy veselıch muíèkù, Køemílka a Vochomùrky! Leporelo s ilustracemi Zdeòka Smetany a texty podle kníky V. Ètvrtka potìší nejen dìti, ale jejich rodièe a prarodièe.;56;high;30.1.2014;;65;true;true;in-stock;
Kniha Postup pøí zvládání dopravní nehody;9198277;9788025133484;8845781245940;Karta je vyrobena z odolného materiálu a obsahuje pøehlednı návod na poskytnutí první pomoci. Prostøednictvím jednoduchıch obrázkù a vıstinıch textù názornì popisuje, jak má zachránce poskytnout první pomoc zranìnım osobám pøi dopravní nehodì. Karta obsahuje informace potøebné pro zastavení krvácení, uvolnìní dıchacích cest, masá srdce, dıchání z úst do úst a uloení zranìného do stabilizované polohy.;28;high;26.1.2014;;2;false;false;in-stock;
LG E410 Optimus L1 II White;8981018;8808992086758;8845781245951;Model LG E410 Optimus L1 II zaujme uivatele elegatním vzhledem øady L style a praktickou velikostí. Optimus L1 II nabízí kapacitní TFT LCD displej s úhlopøíèkou 3 palce a monosti zobrazení 262 tisíc barev v rozlišení 240 × 320 pixelù. Za zmínku stojí také interní pamì. Pro uivatelská data slouí interní úloistì s kapacitou 4GB, které je moné rozšíøit pomocí microSDHC karet a do veliskoti 32GB. Lákadlem pro bìné uivatele je digitální fotoaparát o rozlišení 2MPx, s moností záznamu VGA videa. Mobil je pohánìn jednojádrovım procesorem Qualcomm MSM7225A o frekvenci 1GHz, operaèní pamìtí 512MB RAM a grafickım èipem Adreno 200. Operaèní systém je Google Android ve verzi 4.1 Jelly Bean, kterı nabízí mnoho funkcí èi v základu pøedinstalovanıch aplikací. Model E410 zaujme také podporou sociálních sítí, a GPS navigace. Nechybí zde také rychlé datové pøenosy Wi-Fi, GPRS, EDGE, BlueTooth a pro synchronizaci s PC lze vyuít microUSB konektor. Aktivní posluchaèi hudby ocení audio konektor 3,5mm, díky kterému mohou pøipojit svá oblíbená sluchátka.  ;1644;high;6.2.2014;;44;true;true;on-request;
Logitech S120 black;9680315;980-000010;8845781245949;Standardní sterefonní reproduktory, které jsou svou velikostí vhodné napø. k notebookùm.;263.6;high;4.2.2014;;20;true;true;on-request;
Microsoft Basic Optical Mouse, èerná;5960072;P58-00059;8845781245922;Tato USB myš funguje spolehlivì na témìø libovolném povrchu a je uzpùsobená pro ovládání pravou i levou rukou.;231.5;high;8.1.2000;;40;true;true;in-stock;
Milionovı toaleák euro;5961383;6932011296018;8845781245959;toaleák s potiskem bankovek EURO, pocit z pouití tohoto toaletního papíru dá zapomenout na jakékoliv trable spojené s finanèní krizí;10;high;14.2.2014;;;true;true;out-of-stock;
"MIO Cyclo 100, cyklopoèítaè na jízdní kolo, 1,8""";;;8845781245916;;0;high;2.1.2000;;20;true;true;;
OKI MC861cdxn+ (01318206);8980686;1318206;8845781245935;OKI MC861cdxn+, barevná A3 34/26 ppm ProQ2400 dpi PCL/PS,USB 2.0,LPT,LAN (Print/Scan/Copy/Fax) - MC861cdxn+ - duplexní jednotka, síová karta, 2. a 3. zásobník, nízkı kabinet;67771.9;high;21.1.2014;;20;true;true;in-stock;
OLYMPUS ME-34 Kompaktní smìrovı mikrofon vhodnı pro záznam pøednášek;539888;V4571510E000;8845781245915;Stolní smìrovı mikrofon vhodnı pro záznam pøednášek, prodluovací kabel o délce 1m;1268.70;high;1.1.2000;;80;true;true;in-stock;
OLYMPUS VH-520;5402880;V108060WE000;8845781245910;Hledáte fotoaparát, se kterım zachytíte kadodenní radosti i strasti vašeho ivota? Pak pøivítejte elegantní kompaktní fotoaparát VH-520 s jedineènımi fotografickımi schopnostmi! I pøes extrémnì kompaktní rozmìry je VH-520 vybaven nejmodernìjšími technologickımi prvky, vèetnì 14 megapixelového CMOS senzoru, vıkonného obrazového procesoru a technologií zpracování obrazu iHS, která produkuje dokonale jasné a ostré fotky s vìrnım barevnım podáním.';2783;high;1.1.2013;;20;true;true;in-stock;
PANASONIC DMC FT5EP;5965907;DMC FT5EP-K;8845781245911;Panasonic DMC-FT5 je špièkovı odolnı fotoaparát pro všechny venkovní aktivity. Model DMC-FT5 je vodotìsnı do hloubky 13 m a prachotìsnı podle standardù „IPX8“ a „IP6X“. Je odolnı vùèi nárazùm, napø. vùèi pádu a ze 2 m, mrazuvzdornı do -10°C a snáší tlak do 0.107 kg/cm. Novì je vybavenı sklem proti zamlení zpùsobeném vodní párou. Vezmìte fotoaparát s sebou na ryby, na táboøení, potápìní, surfování, horolezeckı vıstup, lyování nebo na snowboard - DMC-FT5 vás mùe doprovázet po celı rok a znamenat úchvatné okamiky.;8385;low;1.2.2013;;5;true;true;out-of-stock;
PRIMECOOLER PC-AD2 3D brıle;5960585;PC-AD23DGLASS;8845781245927;papírové brıle rùovo-zelené pro prohlíení 3D obrázkù nebo sledování 3D filmù;15.70;high;13.1.2000;;6;true;true;in-stock;
Reflexní páska pro bezpeènı pohyb na cestì;9624190;8595159809694;8845781245957;Svítící reflexní páska pro bezpeènı pohyb na cestì, která zajistí ještì vìtší viditelnost bruslaøùm, cyklistùm nebo chodcùm za sníené viditelnosti. Páska je urèená pro upevnìní na ruku, nohu, jízdní kolo, koèárek apod. Díky zavinovací pruine se páska lehce pøizpùsobí kadému tvaru;2;high;12.2.2014;;;true;true;out-of-stock;
ROCCAT Kone Pure Optical Gaming Mouse;4125523;ROC-11-710;8845781245921;Optická myš od Roccat je to pravé pro opravdové hráèe. Skvìle padne díky ergonomickému tvaru a o 9 % menším rozmìrùm oproti klasické Roccat Kone. O minimální odezvu se stará 32bit procesor spolu s kabelovım pøipojením. Myš má vlastní pamì pro všechny herní profily a makra. Oproti konkurenci je vybavena 7 programovatelnımi tlaèítky, co je optimální mnoství jak pro hraní, tak bezmyšlenkové ovládání.;1562;high;7.1.2000;;;true;true;in-stock;
Samsung Galaxy Core 2 (SM-G355) - èernı;8981612;SM-G355HZKNETL;8845781245953;"smartphone, Quad core 1,2 GHz, 4,5"" WVGA, rozlišení 480x800, 4GB ROM, 512MB RAM, A-GPS, GLONASS, Wi-Fi 802.11 b/g/n, Bluetooth 3.0, MicroUSB 2.0 (11pin), 3.5mm jack, micro SD (a 64GB), NFC, baterie 2000mAh, hmotnost 138g, barva èerná";4124;high;8.2.2014;;;true;true;on-request;
Samsung Galaxy Core Plus (SM-G350) - bílı;8981055;G3500ZWAETL;8845781245952;"smartphone,1.2GHz DC, Android 4.2, BT4.0, A-GPS, Wi-Fi 802.11b/g/n, 5Mpx kam., HSDPA/EDGE, GSM Quad-Band, 4GB flash, 768MB RAM, microSDHC slot, kapacitní 4.3"" TFT LCD 480x800, Li-Ion 1800mAh, NFC, CZ";3876;high;7.2.2014;;;true;true;on-request;
Samsung UE75HU7500 (UHD);9773676;UE75HU7500;8845781245932;Díky technologii Color Brilliance uvidíte všechno pøesnì tak, jak to pøíroda zamıšlela. Televizor podává barevné odstíny s ohromující pøesností – jako byste byli souèástí dìje. Všechno, co vidíte na obrazovce, je jasné a syté. Barvy oívají v nádherné intenzitì a obraz vypadá pøirozenì a vìrnì. Nyní se mùete ponoøit do mimoøádnì ivého obrazu UHD, kterı je skuteènì brilantní.;140486.80;high;18.1.2014;;55;true;true;in-stock;
Sencor SDB 4002M4;9178302;4002M4;8845781245931;Kompaktní DVB-T pøijímaè (Set Top Box) Sencor SDB 4002M4 pro pozemní digitální vysílání neplacenıch digitálních programù (FTA) pøes vnitøní nebo venkovní anténu. ;577.7;high;17.1.2000;;40;true;true;in-stock;
Sennheiser HD 700;5963470;;8845781245950;Pokraèující inovace v nabídce špièkovıch sluchátek firmy Sennheiser zrodila nejnovìjší high-end model - HD 700. Tato otevøená, dynamická sluchátka s circum-aurální konstrukcí sluchátkové mušle vyuívají poznatkù z vıvoje vlajkové lodi HD 800. Inovovaná, rozmìrná, speciálnì vytvarovaná membrána je doplnìna o unikátní ventilaèní otvory v magnetu, které zamezují nevhodnım turbulencím vzduchu a umoòují zcela volnı pohyb. Vısledkem je mimoøádnì pøirozenı, na frekvenèní rozsah a mnoství akustickıch detailù velmi bohatı, pøesnì definovanı a vìrnı zvuk, kterı ocenila i mezinárodní organizace odbornıch novináøù EISA a vyhlásila model HD 700 za Evropská hifi sluchátka 2012 - 2013. Pøestoe jsou vyrobena z kvalitní oceli a dalších high-tech materiálù je jejich hmotnost velmi nízká a jejich nošení pøíjemné i pøi déletrvajícím poslechu. Náušníky jsou vytvoøeny ze speciální tkaniny z mikrovlákna s lehkou údrbou. Kabel je symetrickı z postøíbøené OFC mìdi se ètyømi samostatnımi vodièi ve spoleèném kvalitním opletení. ;14537;high;5.2.2014;;30;true;true;on-request;
Solární èepice s ventilátorkem, bílá;9142035;561392;8845781245961;Kšiltovka s ventilátorem se bude hodit kadému, kdo ocení geniální nápady pro zpøíjemnìní horkıch dnù. Zajistí vám nepøetrité osvìení vìtráèkem, napájenım ze solárního èlánku, našitého na vršku èepice. Velikost èepice lze nastavit podle šíøky hlavy. S touto èepicí rozhodnì vzbudíte zájem a v horkıch dnech i závist ostatních.;136.9;high;16.2.2014;;;true;true;;
SONY DSCRX100;5964356;DSCRX100.CEE8;8845781245913;A cestujete kamkoli, vyuijte 20,2megapixelovı snímaè, kreativní ovládání a kompaktní design na maximum. Získejte vısledky jako profesionálové. Kdy to spojíte s vysoce vıkonnım procesorem BIONZ, získáte jeden z nejvıkonnìjších kompaktù, jakı je dnes na trhu.;12989;high;2.6.2000;;7;false;false;in-stock;
SONY Xperia SP C5303;9882324P;1272-2537;8845781245954;Mobilní telefon pochází z oficiální èeské distribuce, má èeské menu a èeskou dokumentaci a je na nìj poskytována plná záruka jak u naší firmy, tak u vırobce. Více info na http://tsblog.cz/informace-pro-zakazniky/co-je-sedy-dovoz-a-proc-je-nebezpecny.html;4371.9;high;9.2.2014;;2;true;true;;
Svítící tkanièky zelené;5961201;;8845781245960;;15;high;15.2.2014;;;true;true;;
"VERBATIM 1TB externí disk 2,5"" USB 3.0 GT SuperSpeed èervenı";4122531;53082;8845781245917;Pøenosnı pevnı disk GT SuperSpeed USB 3.0 se inspiruje dlouhou historií sportovních vozù, a proto jej zdobí známé bílé závodní pruhy, které jsou obvyklé na závodních okruzích po celém svìtì. Èervené kontrolky LED na jeho zadní stranì pøispívají ke vzhledu podobnému závodním vozùm.Díky lehkosti a kombinaci velké kapacity s atraktivním vzhledem je disk GT SuperSpeed ideální k nošení a dodá vašemu pracovišti styl a spolehlivost – a u je to kdekoli. Disk GT SuperSpeed je napájen pøes sbìrnici USB 3.0 a nevyaduje ádné externí napájení. Staèí jej jednoduše zapojit a ihned jej mùete zaèít pouívat. Je také naformátován systémem FAT32, take jej mùete pouívat v operaèních systémech Windows i Mac. Pøenosnı pevnı disk GT SuperSpeed USB 3.0 se dodává spoleènì s bohatım pøedinstalovanım softwarovım balíèkem. Tento balíèek zahrnuje software Nero Backup, software pro úsporu energie Grey Button, software pro formátování a uivatelské pøíruèky. Pøepínaè ochrany proti zápisu na zadní stranì disku je nová funkce umoòující ochranu pøed neúmyslnım odstranìním dat. Funguje na stejném principu jako pøepínaè ochrany proti zápisu na disketách nebo kartách SD.;1268.70;high;3.1.2000;;14;false;false;in-stock;
YENKEE YSP 1005WH bílé;9771195;1005WH;8845781245948;Kapesní reproduktor pro MP3 pøehrávaèe, mobilní telefony, poèítaèe, notebooky, tablety atd. Staèí vybalit, zapojit a spustit pøehrávání. S tímto reproduktorem získáte 360° zvukovı záitek na cestách. ;189.3;high;3.2.2014;;10;true;true;on-request;
